row,channel,services_covered,message,label
7,email,"landing page, product photos, brochure, flyer","Hello, Please make sure the brand refresh deck is finished by Tuesday. Thx",
40,email,"landing page, product photos, brochure, flyer","Hey team, Website feels weird, need someone to check it. Thanks so much.",
43,phone,"landing page, product photos, brochure, flyer","Morning! Next brochure shipment, when's that happening?",
55,ticket,"landing page, product photos, brochure, flyer","Hi, Hey, can you fix the typo on the lanidng page? It has 'recieve' instead of 'receive'.",
62,ticket,"landing page, product photos, brochure, flyer",hi Need to fit a couple more things onto the logo files. Thanks! - sent from my phone,
87,slack,"product photos, blog post, brochure, contact form, pitch deck",hi Got a moment to glance over the blog post? Thanks!,
90,email,"product photos, blog post, brochure, contact form, pitch deck","hi, can we get a homepage banner for every branch? thx",
116,email,"Instagram posts, newsletter, Google ads","we need to tweak the plan, some adjustments are needed. thanks so much.",
133,email,"Instagram posts, newsletter, Google ads","Hello, Can you guys also look after our Google reviews and replies?",
163,email,"homepage banner, contact form, flyer",Check out the photos for the flyer. Thx,
189,slack,"homepage banner, contact form, flyer","Hello, A couple changes needed for the booking page, I'll pass along the details.",
196,email,"homepage banner, contact form, flyer",hi Can you jump on a call with our investors Tuesday and walk them through the brand? Thanks!,
250,phone,"logo files, brochure, contact form",Colud you create a flyer for each of the 6 branches? Thx,
254,email,"logo files, brochure, contact form","hi Need to go over the plan again, some stfuf has shifted. Thanks!",
275,email,"logo files, blog post, flyer",would it be okay to switch our monthly meeting to next week? thx,
294,ticket,"logo files, blog post, flyer","hi Hey, can you cerate a landing page for our new product? Thanks!",
297,slack,"logo files, blog post, flyer",Could you share the monthly report when it's completed?,
337,phone,"landing page, blog post, brochure, Google ads","Sure, can you check out the homepage banner when you have some time? Thanks so much.",
348,ticket,"homepage banner, menu PDF, Google ads, contact form, booking page","Hey team, Could we have a brochure for the new branch by Wednesday?",
351,email,"homepage banner, menu PDF, Google ads, contact form, booking page","The menu PDF needs a few tweaks, will send notes.",
370,phone,"homepage banner, menu PDF, Google ads, contact form, booking page","Hello, Thanks for sending over the homepage banner; feedback is attached. Thanks!",
418,email,"newsletter, landing page, contact form, pitch deck","Hello, Could we catch up on Wednesday to brainstorm? Cheers",
423,ticket,"newsletter, landing page, contact form, pitch deck","Hey, can you create a logo files for our new product? Thanks so much.",
426,slack,"newsletter, landing page, contact form, pitch deck","Hey, can you help fix our nephew's website? It needs some work. Thanks so much.",
431,email,"newsletter, landing page, contact form, pitch deck",Morning! Please redo the entire Google ads using a different style. Thanks!,
432,email,"newsletter, landing page, contact form, pitch deck",Can you update the Instagram posts with the new info? Cheers,
441,ticket,"newsletter, landing page, contact form, pitch deck","Hello, Can we get some TikTok ads set up? First time doing this.",
459,email,"landing page, product photos, menu PDF, Google ads, pitch deck","hey team, could we move our regular monthly update call to tuesday instead? cheers",
464,email,"landing page, product photos, menu PDF, Google ads, pitch deck",Our nephew made a site but it needs some fixing. Can you help with that? Thanks so much.,
467,phone,"landing page, product photos, menu PDF, Google ads, pitch deck","Hey team, Not feeling confident about the blog post, help? Thanks so much.",
471,slack,"landing page, product photos, menu PDF, Google ads, pitch deck","Hello, Could we get a flyer for the charity event pronto? Thanks so much.",
473,email,"landing page, product photos, menu PDF, Google ads, pitch deck","Hey team, Colud use your help on an event we're planning. Thanks so much.",
517,ticket,"landing page, product photos, menu PDF, Google ads, pitch deck",hi Need someone to look at our SEO. Thx,
558,email,"Instagram posts, newsletter, landing page, logo files, pitch deck",Just wanted to know if everything's fine with the logo files for end of week. - sent from my phone,
590,email,"Instagram posts, newsletter, landing page, logo files, pitch deck",Morning! Need to fit a couple more things onto the Google ads. Thanks!,
609,email,"Instagram posts, newsletter, landing page, logo files, pitch deck","Hi, Can we get new business cards and signage? Thanks! Cheers",
611,email,"Instagram posts, newsletter, landing page, logo files, pitch deck",SEO stuff needs your attention. Thx,
619,slack,"Instagram posts, newsletter, landing page, logo files, pitch deck","Hello, Make sure the contact form raelly pops, please. Thanks!",
637,slack,"newsletter, Google ads, pitch deck",hi the google ads pictures are ready for you to look at. cheers,
666,email,"newsletter, Google ads, pitch deck","Hey team, Could use your help on an event we're planning. Cheers",
676,email,"newsletter, Google ads, pitch deck","Hello, Grab the CMS login from the vault.",
682,email,"homepage banner, logo files, product photos, brochure, flyer",We might need help with an event soon. Thx,
687,email,"homepage banner, logo files, product photos, brochure, flyer","Hi, Can you set up the flyer for Thursday like we talked about?",
711,email,"homepage banner, logo files, product photos, brochure, flyer",Morning! We're looking to ramp up our social media presence - can you assist? Thanks!,
759,phone,"homepage banner, landing page, Google ads, booking page, pitch deck","Hello, Please get a fleyr done for the new location by tomorrow. Thanks so much.",
778,ticket,"homepage banner, landing page, Google ads, booking page, pitch deck","Hi, We need an easy online shop with just a few products. Can you handle that? - sent from my phone",
781,slack,"homepage banner, landing page, Google ads, booking page, pitch deck","hi, can you write 10 extra blog posts this month? big push. thanks!",
783,email,"homepage banner, landing page, Google ads, booking page, pitch deck","Hello, Need some ideas or help for the holidays.",
789,email,"homepage banner, landing page, Google ads, booking page, pitch deck","Hello, Can you also manage our Goolge reviews and reply to them? Cheers",
798,email,"homepage banner, landing page, Google ads, booking page, pitch deck","Hi, Sure thing, can you also set up some ads on TikTok? I’ve never used it for advertising. - sent from my phone",
814,email,"newsletter, landing page, blog post, contact form",hi Mind looking into our SEO? Cheers,
816,slack,"newsletter, landing page, blog post, contact form","Hello, Get the CMS login details out of the vault. Thanks so much.",
842,email,"Instagram posts, landing page, blog post, booking page","hi, do you have time to do something for the holidays? cheers",
869,email,"logo files, blog post, menu PDF, pitch deck","Hey team, We need a newsletter for our charity event fast.",
895,ticket,"logo files, blog post, menu PDF, pitch deck","Changes happened, please revisit the plan with me. Thanks so much.",
917,ticket,"logo files, blog post, menu PDF, pitch deck",The menu PDF is approved. Send it live whenever. Thanks so much.,
944,ticket,"logo files, blog post, menu PDF, pitch deck",hi Make sure there’s a flyer for each of our 6 branches. Thx,
974,email,"product photos, menu PDF, brochure, pitch deck",morning! could you also put together a booking page for our new location? need it by tuesday. thx,
982,email,"product photos, menu PDF, brochure, pitch deck",Can we talk on Thursday about some concepts? - sent from my phone,
997,other,"product photos, menu PDF, brochure, pitch deck","Hey team, Could we move our regular monthly update call to tomorrow instead? Cheers",
1032,email,"logo files, brochure, Google ads, pitch deck","Our site looks a bit wonky, can you verify everything’s okay?",
1052,phone,"logo files, brochure, Google ads, pitch deck","Hey team, Something's bugging me about the website, please check it out. - sent from my phone",
1074,slack,"landing page, Google ads, contact form, flyer",Morning! Got to have something similar to our rival’s newsletter; boss’s order. Cheers,
1086,other,"landing page, Google ads, contact form, flyer","Hey team, We may need you guys for an event. - sent from my phone",
1099,email,"landing page, Google ads, contact form, flyer","hello, we need to tweak the plan, some adjustments are needed. thx",
1130,email,"menu PDF, brochure, Google ads","Hi, Just checking the brochure is still on track for end of week. Thx",
1174,slack,"homepage banner, Instagram posts, brochure, Google ads",Morning! Need to reschedule our usual monthly meeting to Thursday. Thanks so much.,
1176,email,"homepage banner, Instagram posts, brochure, Google ads","Hi, Could you look into SEO stuff? Thanks!",
1196,email,"homepage banner, Instagram posts, brochure, Google ads","Hi, Hey, is the homepage banner scheduled for next week still happening? - sent from my phone",
1205,slack,"homepage banner, Instagram posts, brochure, Google ads",hi attached are some edits for the google ads.,
1225,email,"newsletter, landing page, logo files, flyer",Send over the flyer for this month so we can approve it. - sent from my phone,
1227,email,"newsletter, landing page, logo files, flyer","Make sure the newsletter really pops, please. Cehers",
1265,email,"product photos, blog post, Google ads, contact form, booking page",morning! could you send this month's blog post over for approval? thanks! cheers,
1273,slack,"product photos, blog post, Google ads, contact form, booking page",Got a moment to glance over the homepage banner? Thanks so much.,
1279,ticket,"product photos, blog post, Google ads, contact form, booking page",Morning! Can we get some TikTok ads set up? First time donig this.,
1280,email,"product photos, blog post, Google ads, contact form, booking page","Hello, Can you jump on a call with our investors end of week and walk them through the brand?",
1287,phone,"product photos, blog post, Google ads, contact form, booking page",Could you also put together a logo fiels for our new location? Need it by Monday. Thanks so much.,
1290,slack,"product photos, blog post, Google ads, contact form, booking page","Hi, Could we move our regular monthly update call to Wednesday instead? Thx",
1305,email,"product photos, blog post, Google ads, contact form, booking page","Hello, Got any bandwidth to set up ads on TikTok as well? We’re new to this.",
1307,email,"product photos, blog post, Google ads, contact form, booking page","Hello, Our boss saw a competitor's blog post and wants something similar. - sent from my phone",
1327,email,"landing page, menu PDF, brochure, Google ads, contact form","Hi, Got a minute? Send over this month's brochure for approval.",
1343,other,"landing page, menu PDF, brochure, Google ads, contact form","Hi, Can you bump up the support for our social media stuff? Thx",
1347,ticket,"landing page, menu PDF, brochure, Google ads, contact form","Hey team, Update the landing page's pic to the one in the shared folder. Cheers",
1358,other,"landing page, menu PDF, brochure, Google ads, contact form","Hello, A product photos for our charity event - can it be done quickly? Cheers",
1385,slack,"landing page, menu PDF, brochure, Google ads, contact form","Hello, Got a minute for some SEO work? Thx",
1398,ticket,"landing page, menu PDF, brochure, Google ads, contact form",Morning! Let’s try to change our mnothly chat to Monday.,
1403,ticket,"logo files, Google ads, booking page","Sure, can we include a few additional items on the landing page? Thx",
1445,phone,"logo files, product photos, menu PDF, booking page, flyer",can you also manage our google reviews and reply to them? thanks!,
1528,ticket,"Instagram posts, landing page, Google ads, pitch deck",Morning! Please take a look at the attached edits for the pitch deck. - sent from my phone,
1560,email,"landing page, logo files, product photos, Google ads, flyer","We're launching a new product, can you make a booking page for it too? Thanks!",
1633,ticket,"Instagram posts, contact form, flyer, pitch deck","Some minor tweaks needed for the contact form, I’ll forward my comments. Thx",
1636,ticket,"Instagram posts, contact form, flyer, pitch deck","Hello, Approved the flyer. Let’s get it published. - sent from my phone",
1645,email,"Instagram posts, contact form, flyer, pitch deck","hey team, let's touch base on monday regarding some ideas. cheers",
1652,email,"Instagram posts, contact form, flyer, pitch deck",Morning! Could you review our SEO?,
1660,slack,"Instagram posts, contact form, flyer, pitch deck",Can we get new business cards and signage? Thanks!,
1665,email,"Instagram posts, contact form, flyer, pitch deck","Hi, Same deadline for the Spanish product phoots too. Thx",
1666,phone,"Instagram posts, contact form, flyer, pitch deck",Let me know if the pitch deck copy we confiremd last week is indeed final.,
1676,slack,"Instagram posts, contact form, flyer, pitch deck","morning! invoice received, looks good. thanks!",
1681,ticket,"Instagram posts, contact form, flyer, pitch deck","hey team, login info for the cms is still in the vault. cheers",
1698,email,"Instagram posts, contact form, flyer, pitch deck","Morning! We need new business cards and signage, can you handle that?",
1699,slack,"Instagram posts, contact form, flyer, pitch deck","Morning! Update the landing page with the latest info, please. Thanks so much.",
1717,ticket,"Instagram posts, contact form, flyer, pitch deck","Hi, Could we get the logo files redesigned in a different style?",
1745,ticket,"logo files, product photos, Google ads",Our boss spotted their homepage banner and now wants the same for us. Thanks!,
1807,slack,"homepage banner, landing page, pitch deck","Hi, Please send me the mnothly report as soon as it's available. Thanks!",
1809,ticket,"homepage banner, landing page, pitch deck","Hey team, Our nephew cretaed a site that needs fixing. Could you do that for us? - sent from my phone",
1831,email,"homepage banner, landing page, pitch deck","Hello, Something's bugging me aobut the website, please check it out. Thanks!",
1870,email,"newsletter, landing page, logo files, Google ads, pitch deck",Please share the monthly report when it's ready. Thanks!,
1876,email,"newsletter, landing page, logo files, Google ads, pitch deck",Will you be able to manage our Google reviews and reply to them please?,
1927,email,"newsletter, landing page, product photos","hello, could you take care of our google reviews and respond to them?",
1928,email,"newsletter, landing page, product photos","hi, let's revisit the plan, a few things have changed. cheers",
1932,slack,"newsletter, landing page, product photos","Hey team, The landing page pictures are ready for you to look at.",
1936,email,"newsletter, landing page, product photos","Hello, We need the full brand refresh deck prepared by Monday. Thx",
1944,email,"newsletter, landing page, product photos","Hi, Find the CMS loign details in the vault please. Thx",
1959,ticket,"newsletter, landing page, product photos",Got the CMS login details in the vault like always. Thx,
1972,phone,"landing page, menu PDF, contact form, flyer","Invoice received, looks good.",
2004,phone,"landing page, menu PDF, contact form, flyer","Hi, Will be reaching out if we need help with an event. Thanks so much.",
2032,email,"landing page, menu PDF, contact form, flyer","Hello, Just confirming the flyer copy we talked about last week is set in stone, right? - sent from my phone",
2051,email,"homepage banner, Instagram posts, menu PDF, flyer","hi, got the invoice, thanks. all fine. thanks so much.",
2097,phone,"homepage banner, Instagram posts, menu PDF, flyer","Hello, Could we get a straightforward online store built? It'll only have a hnadful of products. Thx",
2119,email,"homepage banner, blog post, contact form, booking page","Hey team, Could we get some additional assistance with our social media platforms? Thanks!",
2126,email,"homepage banner, blog post, contact form, booking page","Hey team, Can we get some TikTok ads set up? First time doing this.",
2145,slack,"homepage banner, blog post, contact form, booking page","Hello, Please see the photos for the homepage banner.",
2164,email,"homepage banner, blog post, contact form, booking page","hey team, need someone to look at our seo. - sent from my phone",
2180,email,"homepage banner, blog post, contact form, booking page","Hi, There's a small typo on the booking page. It says 'recieve' but it should be 'receive'. Cheers",
2189,slack,"homepage banner, newsletter, blog post, flyer, pitch deck",Morning! Can we make the brochure pop more? Thx,
2201,slack,"homepage banner, newsletter, blog post, flyer, pitch deck","Hello, Update the newsletter's pic to the one in the shared folder. Thx",
2268,phone,"homepage banner, newsletter, blog post, flyer, pitch deck",Morning! Need new business cards and signage. Can you help? Cheers,
2282,email,"homepage banner, newsletter, blog post, flyer, pitch deck","Please include a Spanish version of the logo files, same deadline. Thx",
2332,slack,"Instagram posts, booking page, pitch deck",Quick question: Is the booking page still coming up on Tuesday? Thanks!,
2334,email,"Instagram posts, booking page, pitch deck","hey team, find the cms login details in the vault please. - sent from my phone",
2344,ticket,"homepage banner, Instagram posts, product photos, brochure",Morning! Can you update the blog post with the new info? Thx,
2350,email,"homepage banner, Instagram posts, product photos, brochure","Hi, More help needed with our socials, ASAP. - sent from my phone",
2366,ticket,"homepage banner, Instagram posts, product photos, brochure",hi Could you whip up a Google ads for our upcoming product launch? Thanks!,
2372,email,"homepage banner, Instagram posts, product photos, brochure","Hey team, Is the brochure copy we finalized last week still good to go? Cheers",
2385,phone,"homepage banner, Instagram posts, product photos, brochure",Morning! Can you swap the photo on the product photos for the one in the shared folder? Thanks so much.,
2391,slack,"homepage banner, Instagram posts, product photos, brochure","Hey team, Please send over the product photos for us to approve this month.",
2424,phone,"blog post, menu PDF, brochure, flyer",We need you to manage our Google reviews and reply to them as well. Thx,
2434,email,"blog post, menu PDF, brochure, flyer",hi can we get some tiktok ads set up? first time doing this. cheers,
2439,email,"blog post, menu PDF, brochure, flyer",We need smoeone to fix up our nephew’s website. You up for it?,
2442,ticket,"blog post, menu PDF, brochure, flyer",We need to correct 'recieve' to 'receive' on the brochure. Thanks! - sent from my phone,
2456,ticket,"blog post, menu PDF, brochure, flyer",Full brand refresh presentation needed by end of week. Thanks!,
2457,slack,"blog post, menu PDF, brochure, flyer",Got the pics for the borchure ready. Thanks so much.,
2458,email,"blog post, menu PDF, brochure, flyer",Could you design a landing page for our charity event? Should be quick. - sent from my phone,
2494,email,"landing page, logo files, menu PDF, brochure, Google ads","Hello, Got the new business cards and signage on your list? Cheers",
2514,email,"landing page, logo files, menu PDF, brochure, Google ads","Rework the product photos in a totally different style, thanks. Thx",
2515,email,"landing page, logo files, menu PDF, brochure, Google ads",hi Can we get new business cards and signage? Thanks! Thanks!,
2517,email,"landing page, menu PDF, flyer, pitch deck","Hi, Make sure the pitch deck is ready for Thursday. Thanks!",
2533,ticket,"homepage banner, landing page, blog post, Google ads, contact form","Morning! Need to go over the plan again, some stfuf has shifted. Cheers",
2555,slack,"homepage banner, landing page, blog post, Google ads, contact form","Hello, Looks awesome, contact form is approved. Ready for publishing. Thanks!",
2576,email,"homepage banner, landing page, blog post, Google ads, contact form","hi, can you set up the homepage banner for wednesday like we talked about? thx",
